Case,CL,CD,Cp_1,Cp_2,Cp_3,Cp_4,Cp_5,Cp_6,Cp_7,Cp_8,Cp_9
AOA_-4_GUST_20,0.0,0.0,0.0,0.0,0.0,0.0,0.0,0.0,0.0,0.0,0.0
AOA_-4_GUST_20,0.847517957840417,0.2895087864215871,-0.2607842837507267,-0.6974424243504544,-1.444069934136599,-2.1831653271398137,0.06545904371919178,1.122678772836119,0.6178283116971752,0.3259629541166976,0.16160778257009328
AOA_-4_GUST_20,0.9393650581132947,0.30770220800166476,-0.3104146429470164,-0.7357912658004242,-1.7596882263050355,-2.1405618458893123,-0.014724941457197466,1.0858362767025302,0.598505466708467,0.2995154420482861,0.1434920587025276
AOA_-4_GUST_20,1.0043092375831328,0.32516090265958636,-0.336752081963371,-0.7544752596095159,-1.8925001725259871,-2.1178779894066198,-0.06189429402015961,1.0809928696616506,0.611697059182325,0.3049621578477821,0.1459824725876394
AOA_-4_GUST_20,1.0595033133039482,0.3413895126194449,-0.35018426249484547,-0.832123021406932,-1.9399527929108211,-2.098541027473888,-0.10233443703798867,1.0814463104884753,0.6295080946968921,0.3163440634106857,0.1550124909612454
AOA_-4_GUST_20,1.106441544000982,0.35672629512102644,-0.3599997869946543,-0.9500765018440227,-1.9711723463814257,-2.0827837608391917,-0.13746062871268594,1.0817761728178596,0.6439624589120241,0.32646548084958193,0.15868694603112396
AOA_-4_GUST_20,1.1538694197194228,0.3734456410293073,-0.3650965911440389,-1.0888160998890744,-1.9961813939808475,-2.063172573496901,-0.17185513801370006,1.0820420377527027,0.6574077794417069,0.3366128743215505,0.16084090614211
AOA_-4_GUST_20,1.197421304317604,0.3899398698234982,-0.3735345550762085,-1.2163074703940213,-2.00557045555798,-2.0437445251775443,-0.19626289980298386,1.0850062201631867,0.6714676840821199,0.34765196840250245,0.16314952884638245
AOA_-4_GUST_20,1.2409431050725395,0.40724391158217293,-0.39333580146368197,-1.336529671697546,-2.0068814272562743,-2.018659755283311,-0.21640429847216835,1.0890890632308616,0.6857990129955739,0.35940688277423394,0.16719768575746763
AOA_-4_GUST_20,1.2835490827672065,0.4249697239045825,-0.42461019153368657,-1.4509066424392532,-2.0022312527287105,-1.989492099259552,-0.23181116718167483,1.0928474281336393,0.6988941811589933,0.37011035389390606,0.17233143098248016
AOA_-4_GUST_20,1.3229841412010215,0.44218762785137117,-0.46602162097204136,-1.5488302507654987,-1.9922959843321535,-1.9575515877901402,-0.24217270161282206,1.0971700988481325,0.7104344707479704,0.37998976355561176,0.1778649198699364
AOA_-4_GUST_20,1.3644266930844398,0.4609332286042651,-0.5267166029897973,-1.640722273860579,-1.9776868176771847,-1.921172211056128,-0.25080801178327,1.0989491360262738,0.719781812131039,0.38792741625905003,0.18251706926517436
AOA_-4_GUST_20,1.4060239861054227,0.48044499877677066,-0.6057724039625367,-1.7166949390525073,-1.9597603233068914,-1.8819258411043673,-0.2558635076057174,1.1006042039882515,0.7282672295006325,0.3948318204805459,0.1864777700991044
AOA_-4_GUST_20,1.4489692260669624,0.5009936720017253,-0.7033224035527155,-1.7613666447661758,-1.9402395978748135,-1.8414481113887247,-0.2547556680656345,1.106400812878977,0.7393639798415175,0.4045517048107,0.19364967691923896
AOA_-4_GUST_20,1.4916550384809304,0.5217738238287184,-0.8300801338667841,-1.7880303058233928,-1.9171576730214395,-1.8025719993594742,-0.25246303414716875,1.1110734230865589,0.7488701142130975,0.4127793120615907,0.20011526460356022
AOA_-4_GUST_20,1.535344721752195,0.5434343827074087,-0.9939330483153496,-1.8028354018804822,-1.8912706448718941,-1.7605843962410246,-0.24794524048031644,1.116907767944777,0.7600941318761666,0.42322379049853787,0.20827349389849795
AOA_-4_GUST_20,1.578009942012865,0.5648751496880943,-1.196959298172983,-1.7985763906600798,-1.8621820691959452,-1.7203801021142486,-0.243732926726289,1.1213512325651207,0.7692794366005611,0.4322144169140164,0.21666780009861716
AOA_-4_GUST_20,1.6196024587757176,0.586355870594972,-1.450231003428372,-1.7879503949330775,-1.8342443285192822,-1.687681229822985,-0.24320302923978454,1.1222856047083838,0.7747279042134506,0.4363895748810881,0.21932946190568775
AOA_-4_GUST_20,1.6609487214350962,0.6074232832580426,-1.6666576275386562,-1.7675361235806366,-1.8018231118324022,-1.6549615605455745,-0.2391293835035355,1.1277559989580446,0.7851752195732238,0.4470535943005892,0.2293011880883848
AOA_-4_GUST_20,1.7000720677918848,0.627870329455694,-1.9144715164369845,-1.7471034500852158,-1.771500513088295,-1.6232789946723178,-0.23486166047309745,1.1339781825001334,0.796139800445709,0.45730537479563876,0.23790882355705562
AOA_-4_GUST_20,1.7381932696445361,0.6482182527899596,-2.14314329131313,-1.722744458418805,-1.7434073956882672,-1.5936702894046653,-0.23244837342945612,1.139262398155525,0.8058537877538992,0.4661914374129709,0.2451590145045977
AOA_-4_GUST_20,1.7682377713383728,0.6650902502384076,-2.281884509684197,-1.692864758227483,-1.7204658467182006,-1.5653487965242217,-0.231104218255331,1.1432123774120284,0.813899097910244,0.4735984367518108,0.250408199324156
AOA_-4_GUST_20,1.7892643120057772,0.6780380119045569,-2.354055096591199,-1.6588867489420025,-1.6990281858892058,-1.5414546863735623,-0.22626042182185804,1.1489258056686655,0.8217261688894101,0.47989156642058406,0.25502039440314267
AOA_-4_GUST_20,1.8035509977077229,0.6895456636196479,-2.372094457273227,-1.6234406050439836,-1.6742105932511917,-1.5128104408998655,-0.2194621145308292,1.1568204882708415,0.8308572481442629,0.48565197408503186,0.2542921010439311
AOA_-4_GUST_20,1.8071505176972267,0.6970657289309123,-2.340951218668427,-1.5885249346485812,-1.6443748380147907,-1.487223167180601,-0.21394331482876522,1.1614888678391777,0.8350249774707766,0.4862474407617643,0.24847832675349485
AOA_-4_GUST_20,1.7918539596178633,0.6972681370614865,-2.248104399129199,-1.552626060694441,-1.6094009682408101,-1.457816717326717,-0.2024598335435679,1.1667816329885012,0.8380064067305747,0.4840183872756485,0.2370489909071081
AOA_-4_GUST_20,1.7560875123543935,0.6913042345765273,-2.115673124161604,-1.5120771347804762,-1.5671930822936504,-1.4203932812904536,-0.18671208666412037,1.1680009250109311,0.8339949860661929,0.472315082315814,0.2114766551250939
AOA_-4_GUST_20,1.6937716082376684,0.6768464272371858,-1.9741740130521128,-1.4613333717161452,-1.5157492403168022,-1.3725054886971073,-0.16416480119437676,1.1659355226929855,0.8218279321420571,0.44918255788179773,0.16873095634533283
AOA_-4_GUST_20,1.6058470006793983,0.6550557912611046,-1.8213491852083337,-1.3946534278371514,-1.4442888722087457,-1.3046331795801394,-0.12456007277455951,1.1668574317369098,0.8080902489051164,0.42132175157155205,0.11573314619156808
AOA_-4_GUST_20,1.4900475871295518,0.625592952563144,-1.6698969645429533,-1.313272687781623,-1.3533261739380364,-1.2182076019195236,-0.07086366617365082,1.1654672213825938,0.7851366088401197,0.38119749854529383,0.045951510202782334
AOA_-4_GUST_20,1.3520543967438936,0.5905023295604345,-1.5303595305852262,-1.2199173049684862,-1.2454470877257369,-1.117513242907422,-0.00031482883768603476,1.16280059188084,0.7547896187339238,0.3318021510960214,-0.03654866735791131
AOA_-4_GUST_20,1.2117948608265527,0.5561703458246213,-1.402729698330836,-1.1217462670268268,-1.1303558221659835,-1.0088294678884109,0.0803911980941084,1.158397952837833,0.7210409024639021,0.2816648706324778,-0.11787976193379479
AOA_-4_GUST_20,1.084652235038604,0.5270946194212062,-1.2899159422322843,-1.0238913094074347,-1.0149487884767874,-0.8994640893411463,0.16770001759658917,1.1545608154248905,0.6884031156736373,0.23724985957283265,-0.18808635770058663
AOA_-4_GUST_20,0.990054889939964,0.5092298856988816,-1.1946290449773682,-0.9310586441771627,-0.9043909799650587,-0.7935926677778102,0.2564414467109205,1.1541702347583553,0.6622630690702433,0.2045844816781196,-0.23723540062604548
AOA_-4_GUST_20,0.9226973867066137,0.4988025510908269,-1.119640746065662,-0.8423483590270491,-0.8029044456332287,-0.6990918974854481,0.33734982005962355,1.1536764107724742,0.6388175580027757,0.17940389156934974,-0.27002543328930106
AOA_-4_GUST_20,0.8699660355904987,0.4910210830302606,-1.0725033200637286,-0.7588192952085626,-0.7146950040946844,-0.618372646855107,0.4053112216636984,1.1489692743732678,0.6146897526039108,0.15601836828819532,-0.2964599383159156
AOA_-4_GUST_20,0.8249264357981527,0.48233002872433367,-1.0479244435075667,-0.6879029726933152,-0.6456209208000663,-0.5583500465487701,0.4564232311306914,1.136520650067537,0.587595156683233,0.1324527813304259,-0.3187067688387544
AOA_-4_GUST_20,0.7801507964938503,0.47009569481690355,-1.0279047319936285,-0.6256879503789763,-0.589389025909906,-0.5095985557644497,0.5052696724774411,1.1283027135845909,0.5659700533350325,0.11463801515385286,-0.3340058495468428
AOA_-4_GUST_20,0.73163935072641,0.45251355775382507,-0.998045681535575,-0.5760613444570016,-0.5495704182001425,-0.4730322348054212,0.5424098623291707,1.1166038536502993,0.5437829603165014,0.09636835538789736,-0.3481413850763089
AOA_-4_GUST_20,0.6710154213835485,0.42778557748690904,-0.943375138579726,-0.5302551746237991,-0.5169635634069788,-0.44210592801606646,0.5749502762643768,1.1102066578332552,0.5262913294915159,0.08079878567710322,-0.3605978264394033
AOA_-4_GUST_20,0.6067127914106026,0.3969128714878048,-0.843731652091903,-0.5043670727248675,-0.5065435959516082,-0.43255675669344507,0.5884054138614703,1.093070224649494,0.5025305455435396,0.0630589651261195,-0.3693848669294595
AOA_-4_GUST_20,0.5530938988848243,0.36550894913439747,-0.7161218966649171,-0.5121218187942498,-0.5225958980868419,-0.4499930814757557,0.5820432799738557,1.0683797428376869,0.4790112694278191,0.05127094788736797,-0.3667276323166201
AOA_-4_GUST_20,0.4972243583301504,0.3321972577004226,-0.5676457209636843,-0.5322187600906236,-0.5408627964430737,-0.4722471816796805,0.574013163934126,1.0496443142272716,0.4600363457950677,0.0396936927224287,-0.36548074876846737
AOA_-4_GUST_20,0.4634854937011574,0.3054319861151891,-0.43148191346745157,-0.5659116445595381,-0.5636058283385154,-0.49263149211129587,0.5760090323598566,1.0518023298205676,0.46611748743066933,0.05355474727366957,-0.338127898407712
AOA_-4_GUST_20,0.4516721247453974,0.2861907062516882,-0.35733203704499134,-0.6114632881600054,-0.5969602386095599,-0.5208544073316375,0.5771547224481273,1.0631745999753839,0.48073525021758584,0.07339119661112745,-0.30336644609503643
AOA_-4_GUST_20,0.4832636851784606,0.27930930504944085,-0.4182625634593786,-0.694484411349775,-0.6815253892102624,-0.6032461438533203,0.5327194514231006,1.0445957503061918,0.47487804811756,0.08360538464962242,-0.26443666867662247
AOA_-4_GUST_20,0.5648155206461714,0.2920927716588317,-0.5890659996774705,-0.7667491001550815,-0.7669664367000077,-0.6866884981206254,0.4952891531000203,1.0471427892969147,0.4956149799874937,0.12255626160640001,-0.1932008387325317
AOA_-4_GUST_20,0.6881575259307707,0.3224543215627406,-0.825449149701329,-0.8424951273510562,-0.8635984989217195,-0.7810054028944032,0.4504698537248065,1.0549996226658256,0.525385592684411,0.16893352673316353,-0.11387278357040304
AOA_-4_GUST_20,0.842509376369834,0.36717181503247165,-1.0319408437057407,-0.9065392030483715,-0.9546842016192906,-0.8684567902718628,0.4134259994685967,1.0809758065822732,0.5766725781855028,0.23544458679727126,-0.016246513112566113
AOA_-4_GUST_20,1.0135861497214576,0.4207627654599391,-1.1813940726503533,-0.9695196051508497,-1.0474571776350756,-0.9577316068591959,0.3644965446139089,1.1101703461492698,0.6336196059154859,0.30398092197725723,0.08015051345792777
AOA_-4_GUST_20,1.1835095247493463,0.4742613105885829,-1.2816331726439887,-1.0616111573487426,-1.1762966613608548,-1.0863096677889232,0.2622437198046473,1.104441013976788,0.6596856318706706,0.34682699652987814,0.1522125259656671
AOA_-4_GUST_20,1.3023016940665142,0.5134702324852111,-1.2793032603514873,-1.118131398610049,-1.2712342731401076,-1.1793316501554219,0.1869267663492059,1.1198652194888463,0.7000827851971707,0.39400698096986875,0.20652202303609288
AOA_-4_GUST_20,1.3054475971836543,0.5181201654372612,-1.1888123341461534,-1.131921522487046,-1.3217979187425488,-1.2409762494484506,0.12236636762005867,1.1192824419188327,0.7076977361779546,0.38932942034602075,0.17429212074808928
AOA_-4_GUST_20,1.2105499873059768,0.4946670989612354,-1.0420699480959592,-1.0960188503066601,-1.313384690442739,-1.2398139236180379,0.10067286345634609,1.1205540194062262,0.7001358226765423,0.35419231636009596,0.08478990760059482
AOA_-4_GUST_20,1.0794903332613137,0.4626967500968051,-0.9052918844918992,-1.0433109357243344,-1.2569111478041348,-1.181151661949694,0.12410738699037444,1.123493003385382,0.6828213641827566,0.3063220940676986,-0.020853743257435456
AOA_-4_GUST_20,0.9802168294361268,0.43976212982070056,-0.8410169323653685,-1.0263475927488501,-1.1993002349936677,-1.1179758094758159,0.15168807393649075,1.103949214493628,0.6457071784242818,0.25381725761323615,-0.10643298584202152
AOA_-4_GUST_20,0.9157600267975995,0.4257530191601708,-0.8233110212084758,-1.0262573848928167,-1.1253095285544468,-1.0399179542073518,0.19628837408369612,1.088415759182826,0.6166706709352532,0.22142385848283702,-0.15023265645078504
AOA_-4_GUST_20,0.8710038883908462,0.4151573119485983,-0.8342046909171121,-1.024223007225931,-1.045236039084914,-0.960771164201287,0.25169447490842134,1.080492951361117,0.5959892860665919,0.20161803119670701,-0.16972928240037594
AOA_-4_GUST_20,0.840920633168576,0.40676884314573797,-0.8679004309996701,-1.0089312507356438,-0.9658757962047946,-0.8852296523045349,0.3127649118018009,1.0811239813330273,0.5842715956928634,0.19402193260349831,-0.1684038078699202
AOA_-4_GUST_20,0.8202176808844476,0.39921541410979083,-0.9223331722048009,-0.9723303043632161,-0.8913401844772912,-0.8135041028035235,0.3763376483893069,1.0877048775890614,0.5793527588946433,0.19525101335946884,-0.152182792816849
AOA_-4_GUST_20,0.822742988526192,0.39760996009343685,-1.0021842254354076,-0.9331820618153701,-0.8416632801477733,-0.7635525398437601,0.42807378135870416,1.09341206762169,0.5790185246550037,0.2048876328900977,-0.12154250929608336
AOA_-4_GUST_20,0.8453914441203073,0.4016699543962908,-1.089975395517647,-0.8961455590042913,-0.8128508077329494,-0.7341081004397385,0.4696582702529701,1.1005250255154675,0.5823640738838801,0.22071671017834874,-0.08018692967670288
AOA_-4_GUST_20,0.8867572757880818,0.41195479366164145,-1.1515113906927414,-0.8666790572284291,-0.8011630213412385,-0.7188263195684039,0.5056855052026664,1.1171943388266852,0.5980341481020385,0.24865273616510958,-0.02615144466126579
AOA_-4_GUST_20,0.943745531832886,0.42623254872048094,-1.1643982434923381,-0.8410747827941276,-0.8061314945005768,-0.720552174162424,0.5376915648041084,1.1442291658326649,0.6270391231659008,0.2912529854234971,0.045080692383369536
AOA_-4_GUST_20,0.9992610621902577,0.4401370045364937,-1.1318703046942986,-0.8246677104079256,-0.8236647183076643,-0.7395323243085836,0.5557814650781125,1.1723196257404855,0.6584321186012367,0.3336942042439709,0.11129531750961341
AOA_-4_GUST_20,1.0489721665813891,0.45323857197953044,-1.0625703064872696,-0.8157641193810143,-0.8526318851398457,-0.7754247337993091,0.5632064223051972,1.2033362201718951,0.6944811325436541,0.3770713076938714,0.16843516403608255
AOA_-4_GUST_20,1.064512763616775,0.4562466996885594,-0.9691210016759961,-0.8148609249817981,-0.8962461479710586,-0.8319284913421181,0.5442740870967567,1.215490021622549,0.7107149540803039,0.3948573106604325,0.1848424412860541
AOA_-4_GUST_20,1.018668120329111,0.4421447982686381,-0.8479192348003246,-0.790098751684844,-0.9204159991120338,-0.8709878789180826,0.5246191786688355,1.2207080380899575,0.7099816267736242,0.3829079000518555,0.15031863498968917
AOA_-4_GUST_20,0.9299154738144065,0.4175734451115694,-0.7358304100252775,-0.7508957379233427,-0.919712982275642,-0.8779749612269806,0.5164033967792645,1.2167153980153824,0.6897029620183833,0.34257471295579733,0.07411491013479975
AOA_-4_GUST_20,0.8340412569458574,0.3940698944396816,-0.6485192158694529,-0.7114270433610009,-0.896804077464234,-0.8582326424374214,0.5291828493551425,1.2142865353071395,0.6619516161930254,0.292475896904246,-0.01237174385730683
AOA_-4_GUST_20,0.7622938685971583,0.3793649650307738,-0.6017481385508533,-0.6913356425783023,-0.8610644018430119,-0.8192815378788474,0.55433053750908,1.210982651275247,0.6352753654088776,0.2494599073211065,-0.08170200025525724
AOA_-4_GUST_20,0.7237089020977544,0.3741681511293353,-0.5953695287059656,-0.7008622552433675,-0.8309930767542726,-0.7832750105998875,0.5738919632734474,1.2007919185651237,0.6085336071856353,0.21563452845262385,-0.12906683042554606
AOA_-4_GUST_20,0.6982647120024214,0.37091360381982846,-0.6040133488043353,-0.7155635362902565,-0.7942002881141309,-0.7445021695190852,0.5986294268929958,1.1951353169662955,0.5866966409295377,0.1886314063746561,-0.16070566755517238
AOA_-4_GUST_20,0.6654701997383333,0.36256830753601604,-0.6141334550535782,-0.7197110091944162,-0.7490781684983298,-0.7024907415428296,0.6279024089471202,1.1918431201477397,0.5654030733138755,0.1602497005152108,-0.19143425701152555
AOA_-4_GUST_20,0.6297285192945581,0.34986367825821474,-0.6211039252714979,-0.7138249827781812,-0.7080170732330179,-0.6634037367825518,0.6566554940505703,1.188375799779883,0.5465483923443574,0.13704445970887855,-0.21217171472630877
AOA_-4_GUST_20,0.6062720409765644,0.3382640056121449,-0.6457224413297582,-0.7126087922055409,-0.684613724968699,-0.6390055929171288,0.6778501096329312,1.18394414288479,0.5317512858993138,0.1230494885758224,-0.21829915378427026
AOA_-4_GUST_20,0.5962719261685848,0.3292333328807657,-0.7006206400093486,-0.7177688550982582,-0.6806730614953884,-0.63534507286923,0.6847521385145642,1.175096378114619,0.5173345111971659,0.112016910007759,-0.21786447653507418
AOA_-4_GUST_20,0.6151843709781929,0.3291623465876456,-0.7949514226959048,-0.7335591900469951,-0.6945417338922738,-0.6476882685564473,0.685023072992621,1.1709757553027316,0.5131411248582263,0.11410362695994478,-0.19942620410445785
AOA_-4_GUST_20,0.673292759475765,0.34230542035503614,-0.9052162998578048,-0.7632248086207294,-0.7296219188201275,-0.6799805990914333,0.6756704270722608,1.174618902170732,0.5251878868622849,0.1369246190205218,-0.1553725337682576
AOA_-4_GUST_20,0.7743090256773858,0.3693606061736526,-1.0186046739872021,-0.813184753794639,-0.796056247126417,-0.7436896512956783,0.6467044416931488,1.1794955470553363,0.5480344382629734,0.17557684951330627,-0.08935738363344792
AOA_-4_GUST_20,0.9055982534784315,0.4073760745012716,-1.1024961079606637,-0.8708589011972039,-0.8820237606582809,-0.8273698387284308,0.6048976053680353,1.1915806694120927,0.5856449678520371,0.2305952872188357,-0.005533558831878836
AOA_-4_GUST_20,1.0451520646962351,0.4483127487369891,-1.1514017137524002,-0.9393926586822491,-0.9905090941372763,-0.9360743319292519,0.5423869820088559,1.1998258166769817,0.6247695794471744,0.28569502532445096,0.07360799651688697
AOA_-4_GUST_20,1.1406027219890305,0.4758292210814587,-1.1368595125014553,-0.9869980024451662,-1.0907818608837943,-1.0396800910994508,0.4730401567519704,1.2040371343579974,0.6570097812027328,0.3242154220933392,0.12057425626728943
AOA_-4_GUST_20,1.162465687354526,0.48191729985840964,-1.065225742583525,-1.0044632589825877,-1.165390229028275,-1.1199841253703664,0.4074003959032897,1.2034532063161936,0.6722603873881103,0.33255871024387845,0.11352804764444689
AOA_-4_GUST_20,1.115257140695441,0.46912072297089313,-0.9648445649803431,-0.9992904711238816,-1.2093078642852173,-1.1638496054859755,0.3487197782176578,1.1929825534305356,0.6653381750078367,0.3085032183721199,0.053035332681987665
AOA_-4_GUST_20,1.0294238183628757,0.44747700233576726,-0.8669241760477413,-0.9849293957801337,-1.2207458448501478,-1.1702185266521512,0.32033803429951313,1.180505576873525,0.6415132829551838,0.2619376228127642,-0.03811911273952462
AOA_-4_GUST_20,0.9398605422349874,0.4274833859818368,-0.7988875800988853,-0.9796935726006707,-1.199630209103396,-1.1420602869818477,0.3232230005327906,1.1672687055667217,0.6096985038427895,0.20864578516763765,-0.1315857140125094
AOA_-4_GUST_20,0.8748226548305612,0.4160993152784827,-0.7745206855963107,-0.9907778862583656,-1.158959291712311,-1.0925025986350934,0.35008368191726713,1.1584094224240415,0.579441925802553,0.1622449088895676,-0.2031259104411366
AOA_-4_GUST_20,0.8316269960613519,0.41077875174842315,-0.7862348234713598,-1.0156243509975516,-1.1076702734392803,-1.0321204366796097,0.3923658173860567,1.1542245799983983,0.5521346968988765,0.12317677644154636,-0.2548407476276574
AOA_-4_GUST_20,0.8003668632197091,0.4065264289233906,-0.8262205193249782,-1.0385435323330752,-1.0575652324040772,-0.9760377055410603,0.4371754302609761,1.1500360393622064,0.524108068762611,0.08675670529086445,-0.29380504505249083
AOA_-4_GUST_20,0.8097710330418365,0.4102747363886678,-0.8977517267816019,-1.06110111706825,-1.0259642258931039,-0.9580787695325028,0.4867285320162677,1.1654584466858755,0.5093429725294241,0.07001745576958511,-0.29324616506762713
AOA_-4_GUST_20,0.8177923326787512,0.4106322127638293,-1.009992544913777,-1.0727100802294431,-1.0087385240662945,-0.9644989908235695,0.5174542388760666,1.1647948962133101,0.48585219732088625,0.03849518428605968,-0.308739366843483
AOA_-4_GUST_20,0.8263744931194933,0.412370603415688,-1.1409783810687322,-1.0642503928398428,-1.0051147448800846,-0.969194113515485,0.5423424492989444,1.1699399819909653,0.4712659042523749,0.01578827272517641,-0.3234208689532836
AOA_-4_GUST_20,0.8456109098144914,0.4175821658965526,-1.2614275541720645,-1.0495424929882098,-1.0148711565037722,-0.9615008236930642,0.5584772529252433,1.1816821857985111,0.4684634861684031,0.00919200986521328,-0.3215673563011163
AOA_-4_GUST_20,0.8954355191972022,0.43241380234082993,-1.3431563969514815,-1.053282879958446,-1.0462482564275228,-0.9594455289678394,0.5627734643039976,1.2044825455932573,0.48829483807737917,0.0295027826645912,-0.2909160091591464
AOA_-4_GUST_20,0.9828514784425537,0.45755088326810317,-1.3673885103019328,-1.0763396972367703,-1.0999992452654208,-0.9793312742407148,0.5507278169343428,1.239818468143217,0.5419577161916453,0.081417222719738,-0.2253450164756764
AOA_-4_GUST_20,1.0906804679439996,0.48988828461989486,-1.3612641667463017,-1.1125085082006003,-1.163019710007007,-1.0475021381890894,0.5334511186011576,1.296180303792445,0.6095773587397443,0.14491040187287946,-0.1497227716250684
AOA_-4_GUST_20,1.1792169992964772,0.5157045342048504,-1.304906438562536,-1.1445614273935836,-1.230732359806133,-1.129953705551626,0.4854326766088797,1.339955923900236,0.6842995172933434,0.21170962784898517,-0.09076006148156185
AOA_-4_GUST_20,1.2201701495636674,0.527789293293852,-1.2045898523525937,-1.156068939500249,-1.3018307088187067,-1.2071423136963957,0.4043791519901131,1.3669737407426823,0.7602339861244138,0.2752343132404367,-0.06924267420227292
AOA_-4_GUST_20,1.2023831329068078,0.5240493613877374,-1.09761757475831,-1.1431016463346682,-1.3539923463577703,-1.2515481602028449,0.3116589013290743,1.3747281129430187,0.8109175567401957,0.3184306890953399,-0.09433156380815261
AOA_-4_GUST_20,1.1523957477079052,0.5132134788186081,-1.0053948093893532,-1.1199400076843267,-1.365348959422145,-1.2613655754009243,0.2462041424579888,1.3622824301593703,0.8333990980032179,0.34548803694278435,-0.14074156554465755
AOA_-4_GUST_20,1.1002927023832152,0.5055911158573716,-0.9505448653356017,-1.1138330548756707,-1.3321808860850433,-1.236501114107341,0.20926735569898597,1.3316384684005804,0.8269424979263161,0.362012253804855,-0.17812286361146357
AOA_-4_GUST_20,1.0711448511871378,0.5061344390558843,-0.9414010794621621,-1.1331493381025108,-1.2809313006440077,-1.18413924171614,0.21024838337640572,1.2999985021025966,0.800892450453039,0.3629058613346239,-0.1803716777297386
AOA_-4_GUST_20,1.059492164043926,0.5107281436348071,-0.9625752945438446,-1.162615652442202,-1.2170853565276196,-1.112228307224739,0.24330300876005284,1.27405912580932,0.765703130705303,0.35038495603709474,-0.144452081106122
AOA_-4_GUST_20,1.0539316053131966,0.5124957844949658,-1.0034050033576623,-1.1792446400680487,-1.1542846978287198,-1.0412311986302158,0.2937765229930142,1.2549770113286192,0.7252559601867817,0.32247128974995043,-0.09346443501779386
AOA_-4_GUST_20,1.042634987560735,0.5067190311476018,-1.0556279645330868,-1.1740836837649486,-1.1008097750844472,-0.9836018350501003,0.34684430804614086,1.2424516030299457,0.6855374649943167,0.28586690173280654,-0.06232799669188466
AOA_-4_GUST_20,1.0178609160658962,0.4912598577974871,-1.128283056769445,-1.1488599220728204,-1.0521920299379108,-0.9361634473643456,0.4048455224264629,1.2358042228580637,0.642434197623637,0.23830540610104756,-0.05784611243176918
AOA_-4_GUST_20,0.9897684087540736,0.4722455151707587,-1.2221723540946317,-1.1174806608981185,-1.0181032761085307,-0.9017888934108733,0.46419939330268273,1.23689205354631,0.6035734812752084,0.19054387603347644,-0.07482202463275583
AOA_-4_GUST_20,0.984032748598008,0.46088892384165137,-1.3220356203262198,-1.0980560147956722,-1.0088917873212104,-0.8898026416237287,0.5111147569753122,1.2474070362296372,0.5755618565390853,0.15294704445656787,-0.09000407960350486
AOA_-4_GUST_20,1.0267098578877636,0.4679808164200541,-1.4022574118900717,-1.1015991956306999,-1.0385994646578007,-0.9128023939222216,0.5342527615338153,1.269226375277224,0.5728367477799763,0.1428182379298321,-0.07682922402798373
AOA_-4_GUST_20,1.1064108606990668,0.4891211746056472,-1.4468023697170411,-1.117720785594994,-1.1010981776238962,-0.9720388315617492,0.5262082856774591,1.2985098915890125,0.5926369731118851,0.14980950989909522,-0.04970180963582424
AOA_-4_GUST_20,1.2004400647242492,0.5164065813402144,-1.4389900234985,-1.1411598328046466,-1.185077617024391,-1.0586615389294212,0.4818819332936182,1.3267305780172165,0.6378318746002277,0.17688505570196306,-0.015724590803659667
AOA_-4_GUST_20,1.2527056152266784,0.5325933531307666,-1.3671692979690473,-1.1501011389069646,-1.2610905966218582,-1.141090447430398,0.4074329332626391,1.3402604484146785,0.6931193135967494,0.20494102560455718,-0.013162487340328587
AOA_-4_GUST_20,1.2340296803760729,0.5282976082274597,-1.2494862144867878,-1.1359081410346563,-1.310178291235805,-1.1962726447938237,0.323551598698709,1.3321205457147363,0.7313120933116959,0.2229971820474539,-0.06250745626401188
AOA_-4_GUST_20,1.1580620040959713,0.5091637875047504,-1.1129427793727373,-1.1048862358997233,-1.3132407420021683,-1.206589541721252,0.2718079267810988,1.3051289921452442,0.7404628995062619,0.2422472582516537,-0.15051775498770503
AOA_-4_GUST_20,1.0482599046591683,0.4827196188843055,-0.9996028862710933,-1.0659369040207496,-1.2585980683371158,-1.1657981719981054,0.27340894688927764,1.2660791411115158,0.7059758460966605,0.24338774198346053,-0.24968241698791013
AOA_-4_GUST_20,0.9468556628231415,0.4632926129759987,-0.9260737708312766,-1.036822751598669,-1.1713396376867866,-1.0809322626594344,0.329336810612351,1.2271350206251959,0.6429727922061074,0.22929533259732526,-0.31157396699957507
AOA_-4_GUST_20,0.8807386382765059,0.4549737655519766,-0.9065844999380218,-1.020271874530752,-1.080726089324446,-0.9852131202849079,0.4151345452752103,1.197273212997855,0.5717656927094844,0.193338327874256,-0.30637342008008683
AOA_-4_GUST_20,0.8488809036078289,0.45384207856453207,-0.926804380089501,-1.0122942135559747,-0.9898669311997366,-0.9020975020178346,0.5161020407156671,1.1747557683587813,0.4920181471598998,0.14817787488592726,-0.24008192287784047
AOA_-4_GUST_20,0.8322746957363919,0.450476484137742,-0.9611830923741109,-0.9966409060521806,-0.9119801407977802,-0.8478713632354351,0.60661181713274,1.1449337885714976,0.4019643260394517,0.09502366539426745,-0.17457020230051556
AOA_-4_GUST_20,0.8428219613711322,0.44578000608836715,-1.0098488044612322,-0.9913326130104485,-0.8798984493481694,-0.8351403233723221,0.6679476957680438,1.1121819545455434,0.3295939032789569,0.06214338802281301,-0.120100351158964
AOA_-4_GUST_20,0.8252716261292244,0.42323497795137427,-1.035158079935562,-0.9738398812244935,-0.8735610540209964,-0.8525005904736083,0.6882005561608788,1.0573058289803303,0.25818753414394013,0.028063823173551723,-0.10291047276896098
AOA_-4_GUST_20,0.7775307614636668,0.38780037627841774,-1.0392159129436003,-0.9501508479598173,-0.8884087127399173,-0.8880675047518458,0.6388775966515188,0.9665953176427091,0.20994872311912333,-0.00878456183216298,-0.12554742409222788
AOA_-4_GUST_20,0.7499332167600813,0.3584964374629837,-1.0430653285302705,-0.9436627769142106,-0.9339303370486962,-0.9427755426675617,0.47360253886075654,0.8515553759568639,0.22592173641987487,-0.020657199514627276,-0.15201930237841169
AOA_-4_GUST_20,0.7875439106436154,0.34894207759288803,-1.054092976805662,-0.9669859728613563,-1.0142550761083517,-1.0224556482901903,0.19577770024898547,0.7240540025335525,0.33430077451627294,0.02846975171832533,-0.14450091578721785
AOA_-4_GUST_20,0.934482843127145,0.37350458796073266,-1.12629973933732,-1.038306308504816,-1.1388739860267807,-1.1603606764690515,-0.11860441866143473,0.6162170841649558,0.4734561464486382,0.16299979724450062,-0.06616573927775601
AOA_-4_GUST_20,1.101069694764248,0.40758463164926245,-1.1727200099131327,-1.1095882283861405,-1.2610052539887646,-1.3017622602142473,-0.4402835061579701,0.5461613356326277,0.5787642155981496,0.32587103180625987,0.0222171736771591
AOA_-4_GUST_20,1.2756819677795652,0.44776484397742583,-1.2083101301280004,-1.193534017851681,-1.3896197949899676,-1.4408579227767675,-0.7480315442076384,0.5062698035894204,0.6485735126500844,0.4776242775603733,0.12020876232379542
AOA_-4_GUST_20,1.428062297244572,0.4854481049190465,-1.2186159624281376,-1.2727754319629414,-1.514557646712406,-1.5660623894356671,-1.0240601066177808,0.4899254266538045,0.7087489112509846,0.5794860183420947,0.22638870743220557
AOA_-4_GUST_20,1.5013017375475683,0.505853406430203,-1.2011993928056184,-1.3239979035665734,-1.607478997829256,-1.6348998844698492,-1.2049578819565778,0.48140906412000617,0.7362107501807258,0.6026764846120201,0.28962078320099793
AOA_-4_GUST_20,1.5407975951095894,0.5229631264119798,-1.1844117686752056,-1.3709277260275412,-1.6821055029144414,-1.6531209142397472,-1.3025593727130467,0.48379207458572215,0.7640030403783024,0.613427926422038,0.3258429635953197
AOA_-4_GUST_20,1.5703139759845037,0.5449567201241328,-1.176585362360002,-1.4201652495151942,-1.7295525755038443,-1.6189229086592303,-1.3476114957291336,0.5013178087919599,0.8096019294270419,0.6388277412534762,0.33231378931019007
AOA_-4_GUST_20,1.5741943232652218,0.5648425040123248,-1.1935366893683685,-1.4649145399117445,-1.7096578362873815,-1.5426951641995712,-1.3530462632764717,0.5172896221100125,0.8400511859088187,0.6453185176481093,0.29428600368268354
AOA_-4_GUST_20,1.6051947903947659,0.5937783911914374,-1.2515682952220788,-1.5238712178235236,-1.6491504203232261,-1.4497512466714093,-1.3272792789963854,0.5413324853192667,0.875230265502714,0.6650406718322481,0.27738526406705605
AOA_-4_GUST_20,1.6228002715613596,0.6160843371047525,-1.3226040664148817,-1.587085289742534,-1.5570667711368906,-1.347978578654504,-1.2986285694459363,0.5506193759791089,0.8916633457609515,0.6677124943919674,0.25032162287693216
AOA_-4_GUST_20,1.6390762439500064,0.6337669037285626,-1.367252421135801,-1.6257751167192167,-1.4566922210413673,-1.260114953498657,-1.2625813836441968,0.5701593128298222,0.9238344620646983,0.6922279831920831,0.2496185190580945
AOA_-4_GUST_20,1.621946066688854,0.635128610219897,-1.3596709886105813,-1.6235515143562558,-1.3639064448354785,-1.1861200675541226,-1.2283174422428962,0.5830412004322967,0.9453569273872273,0.7062615909828291,0.24316588312620432
AOA_-4_GUST_20,1.5762624930647824,0.6219998244481062,-1.2880246284914536,-1.5992562012693785,-1.2827355099662734,-1.1213551017684067,-1.187553368942614,0.5903652572533207,0.9565508534558401,0.7103645257055453,0.2299878516410458
AOA_-4_GUST_20,1.5113819686425696,0.5967500677130692,-1.1546048546544234,-1.5664666214946137,-1.2287285490585251,-1.076460726893826,-1.1626345491375651,0.5884144257960362,0.9599122430814022,0.7094912722369755,0.21787208476693895
AOA_-4_GUST_20,1.4175946923241007,0.5551181958276645,-1.0034109748015594,-1.4914546686387067,-1.1949024055284452,-1.058832260915007,-1.1724849978475338,0.5601662204504707,0.9445322651056408,0.6951084069926716,0.1992128665550203
AOA_-4_GUST_20,1.3447156330709884,0.5193939829561738,-0.8949193443815386,-1.3596085212512166,-1.172514788534428,-1.0520744545940293,-1.1912400210193392,0.5441784880211363,0.9520438990085824,0.7061621872667729,0.20518945348549655
AOA_-4_GUST_20,1.294791385840954,0.49183080923579564,-0.8657010679174257,-1.2174198164691943,-1.1510262800008564,-1.0503288024259376,-1.220817684847097,0.5259371029102261,0.9687622784246668,0.7308718360984625,0.22702871969170757
AOA_-4_GUST_20,1.26256501511675,0.4732478320854329,-0.8842161745023793,-1.1243998281408172,-1.1270976287814236,-1.0437214199702138,-1.2448160253099956,0.5053161003127049,0.9816472062234181,0.7495922643146814,0.24293492346950687
AOA_-4_GUST_20,1.2584307883084536,0.46586671980365096,-0.9312137292654155,-1.08670626169249,-1.1102376964634337,-1.0339430535770764,-1.261850849891699,0.4825470408057989,0.9998573718113486,0.7754180275550008,0.2677647698791455
AOA_-4_GUST_20,1.2730063440777541,0.46641214709374673,-0.997007090069423,-1.0956212340838771,-1.1064694521936098,-1.0308775067747291,-1.2705670963261961,0.4525823911516575,1.011117145430513,0.7950893367275291,0.2904837480274522
AOA_-4_GUST_20,1.306944340775384,0.4751330601216075,-1.0638867532136136,-1.1292285637364365,-1.11272573879852,-1.0304045107868625,-1.2721815755661274,0.431445420212444,1.0295062206193344,0.8232110928765182,0.3209616237205959
AOA_-4_GUST_20,1.365173817957393,0.4908545394950717,-1.1549911264866335,-1.181966440872721,-1.1359038622683548,-1.035869112512219,-1.3130740087769095,0.4057862024191559,1.0495664131599618,0.8614830377949619,0.3675120531099504
AOA_-4_GUST_20,1.4151574090055175,0.5034038377808757,-1.254194206508742,-1.2343765867837047,-1.1581749344321757,-1.04669346437712,-1.365304519207021,0.3618363919208404,1.0476964343085198,0.8818348107353842,0.4006399595280348
AOA_-4_GUST_20,1.448281386721309,0.5095906466567427,-1.346048681232832,-1.2708505707601567,-1.1696074183497462,-1.0591537582073531,-1.4099373685498602,0.2999829122912118,1.0230263543210112,0.8858235853025289,0.4231374791847052
AOA_-4_GUST_20,1.4639674064086565,0.5093558097792886,-1.433906127631557,-1.2951782624242634,-1.1705365306540758,-1.0721358150132194,-1.4473117625420562,0.21320107985696068,0.9727175475045181,0.8706379839342391,0.43558117532279206
AOA_-4_GUST_20,1.4578045340180161,0.5005922505312872,-1.5116671719392778,-1.3029790966630297,-1.1585581851680034,-1.0815698037687087,-1.479004163734527,0.09924008097184464,0.8902340671028823,0.834532493601237,0.4365277168632531
AOA_-4_GUST_20,1.4416954660826464,0.48873749996697086,-1.5743980571351652,-1.2984898232925173,-1.1404978031000768,-1.0862557793899938,-1.4963199963024643,-0.012408177915778574,0.7934463485742316,0.7903109004830173,0.4365392039825009
AOA_-4_GUST_20,1.410561674621188,0.47112864451548936,-1.6190788859623202,-1.2818509187889189,-1.117385751499489,-1.090618099948015,-1.4997189088656038,-0.13904703029488338,0.6722759406847518,0.7321053209392685,0.43216741934448794
AOA_-4_GUST_20,1.347246229852301,0.4426784215916691,-1.6422582728759045,-1.239014295013027,-1.0753068256331872,-1.0847358507027003,-1.4726578712162677,-0.2942554200839644,0.5129893719460678,0.6466016594659342,0.4125408340947214
AOA_-4_GUST_20,1.2581385113797527,0.4067907372807699,-1.6306161399477257,-1.1761009766749988,-1.0146672530481435,-1.0573585167248374,-1.4245222927341725,-0.44450280527924274,0.33846455389967206,0.547042932080642,0.3829972945276022
AOA_-4_GUST_20,1.1450618444841687,0.36455450746142565,-1.6030183625332208,-1.0978551830072676,-0.9330015884784557,-1.0097661598284917,-1.3405509582762292,-0.5882015589242565,0.13071091840660318,0.4206849750041596,0.343486202210598
AOA_-4_GUST_20,1.0228111879056996,0.3217921398795048,-1.5554970267327213,-1.0201543298116647,-0.8434863930639791,-0.9485849834807221,-1.2305941780254919,-0.6982589434508005,-0.07457747132623756,0.2852942182148117,0.29801587615560365
AOA_-4_GUST_20,0.8646842568357704,0.27031707394776516,-1.4713837688315718,-0.9256908129545169,-0.7313235115949696,-0.8637051039885194,-1.0468444385080773,-0.790545554431325,-0.3083681831831354,0.11633259773139817,0.23255235934429136
AOA_-4_GUST_20,0.6885487340846691,0.21327116234821875,-1.354243470608837,-0.8247408941796759,-0.6144005549140674,-0.7785656423719256,-0.9075877430984598,-0.8555393578935027,-0.5182875781618874,-0.0641317461755569,0.1500112199775768
AOA_-4_GUST_20,0.46189006072912636,0.14139083927003157,-1.186016274409271,-0.6994248712265321,-0.4751119005936831,-0.668706379345847,-0.7668485764750357,-0.8692918864684299,-0.7423030227835338,-0.294126801012602,0.030628868087768872
AOA_-4_GUST_20,0.23176703428294623,0.06739035974581369,-1.008392688049224,-0.5787271313758695,-0.3485697833383444,-0.5798229425101741,-0.6824228756510924,-0.8756718635754032,-0.9284506771807944,-0.5339479026283191,-0.10869213935780166
AOA_-4_GUST_20,-0.010617817442896138,-0.011581092509743707,-0.8056514978750368,-0.4483827801186075,-0.22001158440941695,-0.49535328718259486,-0.6482963804647845,-0.8606942028006589,-1.0759645181766289,-0.7909344945873034,-0.2659834761264326
AOA_-4_GUST_20,-0.1924261885971895,-0.07457513978919346,-0.6322354188903304,-0.3453792440151169,-0.13089490164797268,-0.45179958875914666,-0.7077983955770263,-0.8593343925776512,-1.154067293060419,-0.9996548911243051,-0.39947802904711893
AOA_-4_GUST_20,-0.3474960906221125,-0.1345135154379252,-0.47766765265634026,-0.2463950306466018,-0.07002827824808135,-0.44833716636972254,-0.8710712586508835,-0.9189250420635489,-1.199516574591546,-1.1954100421201026,-0.5453312618893785
AOA_-4_GUST_20,-0.46965748158233483,-0.1891963156875255,-0.37306451397281193,-0.14911224931590042,-0.04016581673892056,-0.4819337809863593,-1.1197946706649327,-1.0470258388818827,-1.2265358740202554,-1.352976977653316,-0.6974910520702361
AOA_-4_GUST_20,-0.582823591150266,-0.24463329829103198,-0.335199550683844,-0.04211882985819585,-0.025818047811630176,-0.5392470690188939,-1.402081655468651,-1.2320799203641237,-1.260431152767083,-1.4734922455896662,-0.8703712918786561
AOA_-4_GUST_20,-0.6802003275359434,-0.2955862023054725,-0.3699086176935578,0.0532873031958897,-0.03207249789542485,-0.6164483170374716,-1.6673301859670318,-1.4200674087216376,-1.3133314955598054,-1.5537728400177806,-1.0477611965043563
AOA_-4_GUST_20,-0.8023048847792084,-0.35614127587896505,-0.4264079455909709,0.14683583840948727,-0.0424268329409709,-0.7191747136093578,-1.8837104855938183,-1.63626560003161,-1.4127524377873935,-1.6326170935232298,-1.2626722086814612
AOA_-4_GUST_20,-0.9280460722100162,-0.4151994204315244,-0.4650444249199347,0.22836143704565487,-0.04579208153054567,-0.8215464208420917,-2.0670132270598045,-1.805269310320733,-1.5216674169985906,-1.6905270310296014,-1.4787085684823142
AOA_-4_GUST_20,-1.0392806652829734,-0.46148700246330737,-0.4824688174409403,0.24492191286517145,-0.05561013640407167,-0.9109560665347008,-2.1361131593520213,-1.8958719746132113,-1.6072951163591611,-1.723440242170398,-1.6632448602557628
AOA_-4_GUST_20,-1.1272932783726672,-0.4920074334760194,-0.4752454237722735,0.1705470359218217,-0.08814857851988372,-1.0030262777797847,-2.0914252303024075,-1.91101520082798,-1.654845017884413,-1.7230606503495283,-1.817237982258052
AOA_-4_GUST_20,-1.1493817301654257,-0.4887828991561287,-0.3801046184441979,0.053038783408686264,-0.15604636303751535,-1.074745286192052,-1.9226118874544025,-1.812447446209174,-1.6168397027354,-1.664235714999223,-1.8965546866425895
AOA_-4_GUST_20,-1.0891549808723426,-0.4491902710754916,-0.22394979971578935,-0.07079084106777281,-0.281475153132528,-1.1314798806371422,-1.705469729201336,-1.61567103282399,-1.4942810955782704,-1.5401797253097749,-1.8952696542511687
AOA_-4_GUST_20,-0.9421180096310988,-0.3713749929338334,-0.1480260294599534,-0.19573993958354374,-0.45632800644949073,-1.1507948029523463,-1.4360654180363197,-1.3539870411278854,-1.298266991287646,-1.3556427452713082,-1.811768910368995
AOA_-4_GUST_20,-0.7254127868840491,-0.2626355086722017,-0.23552145549560805,-0.3406449274688761,-0.6608180656431831,-1.1211472727726455,-1.1290883302675245,-1.0711821951990794,-1.0610343993605642,-1.135851445372746,-1.659642420220853
AOA_-4_GUST_20,-0.47281526771899945,-0.1377439392264556,-0.3706973896966967,-0.5011644722135054,-0.8449943059695272,-1.0153858181243969,-0.8284852919741239,-0.7837788982267188,-0.8074956636545988,-0.9019576223873156,-1.4619772879622255
AOA_-4_GUST_20,-0.22172874244934984,-0.014715665896324115,-0.5112976026211248,-0.6719970792228659,-0.9697251273331169,-0.8633356055001635,-0.5744158105735953,-0.5187391703707922,-0.5738335645033058,-0.6866438881252238,-1.2503935605951748
AOA_-4_GUST_20,0.01666555427071777,0.10270683524189798,-0.6587917691825027,-0.8399163007861208,-1.0031295842444494,-0.6804855975469599,-0.3478050878220572,-0.2600541533506228,-0.34289567059315507,-0.48016040303352325,-1.0320205111515461
AOA_-4_GUST_20,0.2032604203153121,0.19388105876048425,-0.7820891750960125,-0.9718917895439677,-0.9567706733317043,-0.5430818766804512,-0.19870976304991267,-0.04325765729192135,-0.14680741848942694,-0.3118303969628863,-0.8430309597691118
AOA_-4_GUST_20,0.32596976360403934,0.252958781198658,-0.8640591745376502,-1.0409365981271237,-0.8496266623609027,-0.47848984760980945,-0.11816493706009584,0.13642087722604407,0.0178808739684202,-0.17867345681838803,-0.6918043866107222
AOA_-4_GUST_20,0.39624949027563366,0.28138827478274825,-0.9157174056598767,-1.0495048884620348,-0.7434390328553931,-0.5072127181027716,-0.09366680053888518,0.2599088041713989,0.13403053485800775,-0.08912634148133755,-0.5874161048023846
AOA_-4_GUST_20,0.43611356787445255,0.28701135586909554,-0.9332728900029039,-0.9904197620809974,-0.6458046602413121,-0.5903511067717956,-0.10786844987340752,0.34081925815306136,0.2244120798557275,-0.019628081217760943,-0.5025088817393477
AOA_-4_GUST_20,0.4690403071457106,0.28128823076780707,-0.9232371691714281,-0.9038342973656404,-0.6066444224800375,-0.6888880051040739,-0.17186028623751065,0.38359656606972187,0.28587870202891086,0.028297484785754168,-0.4376271110694496
AOA_-4_GUST_20,0.5015738843929928,0.26880370921773805,-0.8788647797113476,-0.788955895340189,-0.6230205938128923,-0.8167678715407984,-0.27295328088352744,0.43624998766955964,0.34147088596055103,0.05881945221016305,-0.3854095873368706
AOA_-4_GUST_20,0.531891511294181,0.2569842886345814,-0.802861805027903,-0.6755506172076045,-0.6938315162666482,-0.9255523515175266,-0.35025175087838556,0.5130730348399032,0.3927733529925205,0.08247035029074251,-0.3349670869326117
AOA_-4_GUST_20,0.5522277617040628,0.24619016403380237,-0.7074189939361699,-0.5734322699943024,-0.8003846382605194,-0.9800048458146362,-0.3776521875125348,0.5994446105449518,0.4329325502972746,0.09833485018147933,-0.2875399262933456
AOA_-4_GUST_20,0.5498222545722767,0.23358292842409367,-0.5939361853295154,-0.4790563105078414,-0.9154681899964114,-0.9608702979279617,-0.3468512625769945,0.6727757579424692,0.45841484357754586,0.11078886006627886,-0.251155152567076
AOA_-4_GUST_20,0.5272425365811119,0.2199923676415955,-0.48471402545739384,-0.4085441519318208,-0.9864509822940836,-0.9017390088281345,-0.2837560880205023,0.7147823206318632,0.47013788609382345,0.11308514756058022,-0.24338401905446316
AOA_-4_GUST_20,0.49410753963545284,0.20854294988071345,-0.39963520602120156,-0.37645392553896817,-0.9757249675016229,-0.8327453040820287,-0.2080621977187799,0.7356676580125379,0.47253336810865837,0.10487366955783531,-0.260031346852849
AOA_-4_GUST_20,0.4609587473113335,0.20059367177971402,-0.3244840775086413,-0.38304685914144776,-0.8912637621482622,-0.7552452382907181,-0.11770501445698045,0.7542970873816415,0.4716409435329441,0.0973658999555837,-0.2671916293196607
AOA_-4_GUST_20,0.44860661759316955,0.2017944557789977,-0.29077850767935853,-0.4576311170589237,-0.8099109833942226,-0.6999125005099375,-0.04287785597805952,0.7642682215864979,0.4601905574938808,0.08871655527022172,-0.2575955147319131
AOA_-4_GUST_20,0.46076354693191224,0.21106763162560827,-0.282822048213263,-0.5799263604412163,-0.7460112463250395,-0.6623594470580976,0.017303616916595606,0.7750265280098964,0.45354517400078526,0.09376326553407524,-0.2300192900165034
AOA_-4_GUST_20,0.4965747273532921,0.22593469811046551,-0.29283872909574776,-0.7286347792138692,-0.7122908406097169,-0.6494199162221188,0.055993813433783866,0.7836570062705746,0.45163847800196466,0.10310950100057287,-0.1954788005115477
AOA_-4_GUST_20,0.5471354113869346,0.2440019186224607,-0.3215958147814607,-0.8699257842628213,-0.7106785055946873,-0.6612293110432358,0.07292075167671816,0.790217516873925,0.4534547672930235,0.11202934230730498,-0.16848753025965713
AOA_-4_GUST_20,0.5976547886431756,0.26039003281897344,-0.35660148357712107,-0.9713680129727875,-0.726669469233574,-0.6901729726147718,0.07286671102115147,0.7963607534236739,0.45853156991753835,0.12238839615915449,-0.14295796017193674
AOA_-4_GUST_20,0.6428335335124974,0.2746171856781707,-0.4039553605454155,-1.0181108727907846,-0.759570680859043,-0.732272934129011,0.057458138382317614,0.7997088467646816,0.46152533215906877,0.127394643024689,-0.12617141819970623
AOA_-4_GUST_20,0.6951260339227622,0.2919737980495658,-0.4689310026647744,-1.0195314038147125,-0.7976087431981529,-0.7712829393326827,0.043595861214405285,0.8164341422067376,0.48062716235663533,0.14725700717201085,-0.10155161512059342
AOA_-4_GUST_20,0.7576422423928246,0.31299817349048614,-0.5748067475221319,-1.0135539759189278,-0.8534425630425685,-0.8222797037147844,0.016156331595147413,0.8300014128354871,0.499712695370123,0.16742748141002023,-0.07931465079679526
AOA_-4_GUST_20,0.8242042337775924,0.3356142582098269,-0.7147171809660946,-1.0044062599403811,-0.9113886881288602,-0.8747725108959861,-0.016224473148807365,0.8460119755566451,0.5218394997562552,0.18941916361687428,-0.05583707645098418
AOA_-4_GUST_20,0.8924810258931627,0.3590229715496432,-0.8807200182108917,-1.0085491332372056,-0.9720359602736277,-0.9317710413649116,-0.05712675106924327,0.858623148461477,0.5415992200876067,0.20795062184824117,-0.037079063917404426
AOA_-4_GUST_20,0.9658677252187209,0.38462203895763336,-1.0412073709921774,-1.0220583503685252,-1.027285038857521,-0.9833881819615538,-0.09588803230280055,0.8778235925828443,0.5700440113863521,0.23523907228773144,-0.010241277561834544
AOA_-4_GUST_20,1.0516094661719302,0.4150640248253829,-1.2052620641757847,-1.0548369251270082,-1.0860893030394159,-1.036540928642918,-0.13671309593021186,0.9046045538885638,0.6092858703997213,0.2730330524457094,0.02332556811059378
AOA_-4_GUST_20,1.137352428680364,0.4462705833350384,-1.3372062505552185,-1.112450573779151,-1.1557942809093391,-1.0993862820597975,-0.19214724636569175,0.9209178683613348,0.6390161810396956,0.2995027163491797,0.042201629229991953
AOA_-4_GUST_20,1.2225921171723575,0.47753765508781143,-1.4411269379244056,-1.1774271243375767,-1.224941514994475,-1.1621578260434557,-0.2522338916075725,0.9388897027359211,0.6682926746290271,0.3249797195133517,0.05999124067176254
AOA_-4_GUST_20,1.3053620911092545,0.5074859201348336,-1.5248114470262517,-1.2452647600357645,-1.2951980086859405,-1.228603455000326,-0.31844274987729315,0.9497289480844724,0.6926571572731074,0.34549672264826725,0.07425364321511928
AOA_-4_GUST_20,1.372165002277046,0.5338729001705596,-1.5820786851222255,-1.307580797115155,-1.356146962229268,-1.2803366347625018,-0.3776085819822299,0.9627883366452618,0.7159833152962146,0.35690600221049434,0.07188141462711564
AOA_-4_GUST_20,1.4315414666012638,0.5583948953756127,-1.6178818097974184,-1.366262446354844,-1.4100235325390622,-1.315557890813807,-0.42404302795457416,0.9797563153089861,0.7441388861299366,0.37423271618748266,0.07195048019922398
AOA_-4_GUST_20,1.4482779663647987,0.56940446660362,-1.6325602109791573,-1.40666192376649,-1.441170008033991,-1.3267341940007285,-0.4641306360582811,0.9833200629101887,0.7493130308535776,0.36396850584456364,0.04017995630180007
AOA_-4_GUST_20,1.4409275056580013,0.573710787109294,-1.6392085889483157,-1.434628180042802,-1.4457337849247767,-1.3087380795068861,-0.48381349632813275,0.9856545678496287,0.7472295700165308,0.3460506060392914,-0.001498632898334339
AOA_-4_GUST_20,1.407346562241184,0.5705442581907928,-1.6534598539987941,-1.4599826763850738,-1.4330863410639947,-1.284826124066091,-0.49536916134053693,0.9710986574290378,0.7211012266650861,0.3030487044668685,-0.06897812673858408
AOA_-4_GUST_20,1.366704877202822,0.5669861317609864,-1.6643633212517643,-1.464564547787295,-1.3914553575464246,-1.2363677736343421,-0.47238554941810906,0.9746189606155438,0.7085786839755309,0.2723360442015294,-0.12694144757681364
AOA_-4_GUST_20,1.3449501204036516,0.5710313287038322,-1.6924696597000588,-1.4590360751914058,-1.3396666456297468,-1.1869251852637583,-0.43111415399200526,1.0011263331219233,0.7140573448129849,0.26033798179729434,-0.16084480504491502
AOA_-4_GUST_20,1.3205243181334723,0.5719118676236531,-1.7291330565452694,-1.4491808390673842,-1.3000608871794006,-1.1639117698505352,-0.3981315425771075,1.0084030044617829,0.7013291584849011,0.23049541171006513,-0.20232370725257356
AOA_-4_GUST_20,1.2678486296470022,0.5613182413497392,-1.721500367333874,-1.4087283238816348,-1.2583582171965466,-1.1329576307956826,-0.3535100303667587,1.0115257646588474,0.6816216028412347,0.19599698928471457,-0.24953650892680104
AOA_-4_GUST_20,1.2033801712001624,0.5439796363611209,-1.6700791307804348,-1.3569356771619252,-1.2261488637059932,-1.0973803771350386,-0.3114906226365034,1.010904455160632,0.6625484337150145,0.16920313769411932,-0.28832506980937866
AOA_-4_GUST_20,1.1257430760836453,0.5226371123290307,-1.5656252868558842,-1.285811494564129,-1.177789125716281,-1.0332070622753584,-0.25373444517960086,1.0278155797312065,0.6630845091411268,0.16325511430129652,-0.31456725874158586
AOA_-4_GUST_20,1.0573537645180244,0.5056413482196155,-1.4298647788995835,-1.212292721884375,-1.1235116256321471,-0.9669080717875559,-0.18815373547985514,1.0655094354050199,0.6879311655598064,0.18220769369024475,-0.31986560309596523
AOA_-4_GUST_20,1.00169687743454,0.4919054447262236,-1.3058537484377304,-1.1509307294417415,-1.0743370943144832,-0.930332283463207,-0.14072137440709143,1.0945681289087512,0.7021443130712671,0.18973754355180902,-0.3261227854883729
AOA_-4_GUST_20,0.9419720575748493,0.4777541745943648,-1.1812290211921228,-1.0875446680422416,-1.0248093520837243,-0.8929785567817867,-0.09550303532582897,1.117690313875697,0.7073129500292197,0.18551755298537642,-0.34507400668960486
AOA_-4_GUST_20,0.8874962517722826,0.4668715656696543,-1.0756632275082052,-1.0280224023815892,-0.9825232062324218,-0.8541770411443602,-0.05045668902848739,1.133904309097704,0.7030513727122287,0.17078365764658282,-0.3741350731669318
AOA_-4_GUST_20,0.84367038619527,0.46092813328140614,-0.9885146499292493,-0.9644135510608988,-0.9352290500079785,-0.8034997679853335,0.0066622627469467705,1.155691075619701,0.7035407690785475,0.16159386228655695,-0.3969351062508448
AOA_-4_GUST_20,0.8153428438027984,0.46126562405618315,-0.9233125259654643,-0.9027192611584708,-0.8823999901223583,-0.7445618270988412,0.07607836157382351,1.1873661888975535,0.7140541653213909,0.16289530101788352,-0.4077322601601565
AOA_-4_GUST_20,0.7990378371600575,0.463818216143745,-0.8892027048724799,-0.8621253005757541,-0.8428208431035742,-0.7025639053482207,0.13032626798423314,1.2061062879277087,0.7130431322097175,0.1570712171790742,-0.4194584766744449
AOA_-4_GUST_20,0.7838041634047469,0.465813679054399,-0.8695049752357007,-0.8320459922279317,-0.8057111739910168,-0.6654364162327782,0.18388223025069245,1.2221924184207427,0.7080516496175857,0.14713261345180012,-0.4335590270577454
AOA_-4_GUST_20,0.7734930919212721,0.46700875238882994,-0.859223722235332,-0.8164955080034155,-0.7776335661809503,-0.6377276762775645,0.22984502528819728,1.2359127899056503,0.7031348388148173,0.13872213850797566,-0.4431403301381259
AOA_-4_GUST_20,0.7550304341587264,0.4628056137787065,-0.8411620379973621,-0.8037278187008516,-0.7541876192329305,-0.616064704720374,0.2733258274498263,1.2481743615961907,0.6955018978986333,0.1277307453833576,-0.45293171702041124
AOA_-4_GUST_20,0.7393326640990763,0.45704034166225443,-0.8106139954529531,-0.795704600621496,-0.7390931700282262,-0.6005687972661345,0.3161603129234092,1.266401228095428,0.6956678413050372,0.12590463688248882,-0.4523435307928733
AOA_-4_GUST_20,0.7201012568384323,0.4473532652897884,-0.7761690772032263,-0.7994837588211532,-0.7458329046374432,-0.6083044607268443,0.3386380344794557,1.2716389744180578,0.6852091415955907,0.11436820957127984,-0.4597476170578658
AOA_-4_GUST_20,0.693270152894662,0.4326028396868062,-0.7302139655015699,-0.8076145358129093,-0.7635521884022253,-0.6273014201688627,0.3561668303428774,1.2739964762085574,0.6696918578993603,0.09698651397904359,-0.4713831441673353
AOA_-4_GUST_20,0.6632102362603934,0.4143917083709705,-0.6764158749249594,-0.8200358996368976,-0.7886437605751073,-0.656126849941945,0.3709365972494346,1.2752283925061865,0.6519057807469902,0.07751809110451194,-0.4819333467699847
AOA_-4_GUST_20,0.6521100588145665,0.40064328458934767,-0.637308594227938,-0.8501584860124798,-0.8266203102881151,-0.6972031843486298,0.38348991277662486,1.2817137913143708,0.643100107452198,0.07121617537870323,-0.4744223092094589
AOA_-4_GUST_20,0.6638383119619381,0.3938035881390965,-0.6237484401344158,-0.8909910623741283,-0.8707483730358462,-0.7451185348322342,0.39243099814159454,1.2960648314372218,0.6474319175693791,0.08124884194410806,-0.4467398666202412
AOA_-4_GUST_20,0.7036008589299444,0.39466234484174634,-0.6520188473926689,-0.9525517667504815,-0.9373166748358119,-0.8086070268401115,0.3897631848896716,1.3130475674991482,0.6590489165731537,0.10237028626219459,-0.40191239472829865
AOA_-4_GUST_20,0.7773503137333823,0.40704972958228436,-0.7510976054183044,-1.0390539173730498,-1.029878182117441,-0.8937341730440282,0.3765668529071234,1.332754027268636,0.6767707806152267,0.13070328365545938,-0.3471210583642144
AOA_-4_GUST_20,0.8719438868572521,0.42902193212237383,-0.909516751674702,-1.1326138698529977,-1.1293725749788812,-0.9847237058769565,0.35444100160948766,1.3530227661501653,0.695493125590583,0.15856847254208217,-0.2931559560911493
AOA_-4_GUST_20,0.9979103352178087,0.4635799649318644,-1.1306844898838688,-1.2431013727113724,-1.2441148041507386,-1.0946529710670383,0.32267290021341194,1.3734897151569438,0.7153493332842183,0.18743321436624205,-0.2368674507340405
AOA_-4_GUST_20,1.1595371635774263,0.512825128810505,-1.392458836600606,-1.3693193044167966,-1.374896925194938,-1.2097260266815255,0.28781136321608614,1.400186379690278,0.7440074857737884,0.22541467221488148,-0.1701303458633715
AOA_-4_GUST_20,1.3252381299019327,0.5669142252050856,-1.6221566706460036,-1.4851718092945372,-1.4939622898409186,-1.3177358841484312,0.2625733017465549,1.4344573458002932,0.7759599820675094,0.26587259364439086,-0.10386383787942916
AOA_-4_GUST_20,1.493063789032603,0.6248946306173764,-1.8090705895466752,-1.5995604704879995,-1.6110402547312443,-1.4213174357044362,0.24784328086117188,1.4752583572695341,0.812161539112944,0.3072779608046513,-0.04253947004839839
AOA_-4_GUST_20,1.627444510792228,0.6738132543284462,-1.9265704153699665,-1.6958876238546878,-1.7131828886652336,-1.507727388451377,0.24871363415567804,1.5148405726184353,0.8417895414569232,0.33918710769336047,0.0002380392051031452
AOA_-4_GUST_20,1.7126950882532388,0.7099047597015776,-2.0017144261078545,-1.7650739364376238,-1.7844835566454618,-1.562606132420184,0.2771914398709075,1.5520135428109818,0.8588894865618037,0.35278912169025545,0.012120756324785716
AOA_-4_GUST_20,1.7433506003630674,0.7330458711124247,-2.0524735960407274,-1.7971874656337796,-1.8063092864068702,-1.5740543353801326,0.3449905520511341,1.5848795681644403,0.8590923966158444,0.34438822045989864,-0.011186454607532148
AOA_-4_GUST_20,1.7166069319708237,0.7428041581146188,-2.073080313561347,-1.786604710332894,-1.7698091996856211,-1.543890956181276,0.45726519000006627,1.6090071920755142,0.8360844735098377,0.31048225507038507,-0.07165025774770346
AOA_-4_GUST_20,1.5970283657450468,0.7253831552843509,-2.022691208510707,-1.7060764754808335,-1.6603609631785663,-1.4550231476617523,0.6081763756007715,1.606064706694474,0.7744599101731793,0.23711785064160146,-0.1826963967724403
AOA_-4_GUST_20,1.368735612992347,0.6744001075595532,-1.8879696005170543,-1.5395084012320193,-1.4747106146796363,-1.2899687626881726,0.7807374483390891,1.5703850158571844,0.6699902405382485,0.12222634156011736,-0.34239364032374087
AOA_-4_GUST_20,1.0841700671568428,0.6002436705116231,-1.702136388767261,-1.317388881250415,-1.2293628198865025,-1.0999119262250767,0.9508471673424079,1.492870008941146,0.5391266352821621,-0.007962621677281838,-0.5039462389484681
AOA_-4_GUST_20,0.8097993187618692,0.5191277905269206,-1.5065246719864693,-1.0952491498862917,-0.9674761413863793,-0.9157076283458643,1.0888422003894738,1.380834204043012,0.40099511047942615,-0.12358621012837255,-0.6219586803144956
AOA_-4_GUST_20,0.5599758306351871,0.4315557924963664,-1.2997255953564644,-0.8958652524065511,-0.7372286070823695,-0.7744660398250787,1.1608550304332517,1.2393263803733192,0.2633195279975497,-0.2259776807853875,-0.6972557367225254
AOA_-4_GUST_20,0.35915488033668114,0.34761149810740033,-1.1009511596016697,-0.7344396070795558,-0.5654629391957477,-0.6736038635242566,1.178412572389622,1.0770360867058821,0.13348929354746708,-0.3043511481892468,-0.7267799732572526
AOA_-4_GUST_20,0.23125369472442467,0.2803482612159371,-0.9369180570315794,-0.6285526046817195,-0.47151381337405507,-0.6375321520106114,1.170960799632219,0.9265717896879544,0.02903711147857057,-0.34979092875159656,-0.7078186142759325
AOA_-4_GUST_20,0.1897256329187338,0.239339599208202,-0.8378879096342042,-0.5921093966458582,-0.4535042131604302,-0.6286772652472159,1.113544802250763,0.8068016930946003,-0.036919285412773374,-0.36059784928822436,-0.647492691123742
AOA_-4_GUST_20,0.2244331530296743,0.22442608969215916,-0.7935822735571486,-0.626014205381654,-0.5098771354910938,-0.6543980520497834,1.0373303442246762,0.7145392553763548,-0.06891274489910341,-0.3420233806907542,-0.5546852916957332
AOA_-4_GUST_20,0.29274549975203934,0.22768883330678968,-0.7783534750715473,-0.6794722791176201,-0.5875568305819874,-0.7001985609592205,0.9741148558477191,0.6644637666518358,-0.0689172488383473,-0.30519019044577417,-0.46273537310019003
AOA_-4_GUST_20,0.365242894503824,0.2384294208886241,-0.7719442437219104,-0.717281649733572,-0.6683731223019842,-0.7542319260416879,0.9203950328865063,0.6452138361734214,-0.04859548716579079,-0.26025808768313097,-0.3835870209308737
AOA_-4_GUST_20,0.41801276929735404,0.2468744236390156,-0.7515973632191986,-0.7285360274440551,-0.733332104754241,-0.8073177885577754,0.8765363817228405,0.6494781858769867,-0.01286208401233316,-0.21177959946871308,-0.32062763554136076
AOA_-4_GUST_20,0.43949892852963623,0.24726524217300302,-0.7113012442030571,-0.7197724142216788,-0.7789816388991732,-0.8579429900685878,0.8346066547890193,0.6636609775537817,0.024345613345680292,-0.17340259490595505,-0.28500834969505784
AOA_-4_GUST_20,0.44480194391059796,0.2430098779781065,-0.648832844530366,-0.698835071971529,-0.8077183426926721,-0.8966638452032554,0.7965415424542838,0.6840202141482301,0.062875010472256,-0.1395354186036705,-0.2603779131497072
AOA_-4_GUST_20,0.46007145062447935,0.24003366459589662,-0.5792781387939321,-0.6798389638057428,-0.8365815977876183,-0.9372468846476016,0.7493575141646647,0.7105218244422998,0.10830649815739504,-0.0985346904414118,-0.22584308763597913
AOA_-4_GUST_20,0.49070308970168486,0.2411382518856898,-0.5293793305414891,-0.6705639243716843,-0.8653177870961316,-0.9776026783927247,0.6989632762071951,0.7488118150405869,0.15648164973068948,-0.04988056658538177,-0.1735984235292773
AOA_-4_GUST_20,0.5338351638811728,0.2448215979380027,-0.49555745763118775,-0.6660561349279848,-0.9005885287684039,-1.0350825271321873,0.6406286732938876,0.7843558440963102,0.20867843813925452,0.0019897732491646856,-0.1134601077682975
AOA_-4_GUST_20,0.5811996474704961,0.25072971566437824,-0.47180387477994473,-0.6652791902481784,-0.9395964266662449,-1.1058481880352793,0.5766320592952957,0.8119564241783883,0.25976981647317243,0.05010193055128909,-0.06100068776627325
AOA_-4_GUST_20,0.6172133857619279,0.255124871928205,-0.4504978421642699,-0.6638544805268902,-0.9788935325460711,-1.174209641010723,0.5050557001605831,0.8312772664323509,0.2999315516999043,0.08153482398339279,-0.03503717976277548
AOA_-4_GUST_20,0.6394941271423865,0.2562392461462898,-0.4206114698896864,-0.6561272595733662,-1.0150093623936416,-1.2423483055861837,0.43434600645826776,0.8431077600694944,0.3356563489725136,0.101866805666984,-0.02926153184708062
AOA_-4_GUST_20,0.640696441049656,0.25170693721445964,-0.38823925543071114,-0.6440533649395986,-1.0443833956644102,-1.2758047823983674,0.37388019444420134,0.8571667419214257,0.3519059401809762,0.10701463986778113,-0.03176033071102194
